{"cameraMode":{"drawMode":0,"name":"Shaded","section":"Shading Mode"},"sceneLighting":true,"audioPlay":false,"sceneViewState":{"showFog":true,"showMaterialUpdate":false,"showSkybox":true,"showFlares":true,"showImageEffects":true,"showParticleSystems":true},"in2DMode":false,"pivot":{"x":-48.30598449707031,"y":13.383248329162598,"z":357.8357849121094},"rotation":{"x":-0.01716645620763302,"y":-0.05733120068907738,"z":-0.005670019891113043,"w":1.000550627708435},"size":184.58151245117188,"orthographic":false}